price,games_played,goals,assists,goal_contributions,total_points,points_per_game,roi,position,team,minutes,FDR_Ave
5.4,0,0,0,0,0,0.0,0.0,MID,Arsenal,0,0.07894736842105263
6.8,0,0,0,0,0,0.0,0.0,FWD,Arsenal,5,0.07894736842105263
6.0,2,0,0,0,12,6.0,2.0,DEF,Arsenal,180,0.07894736842105263
8.1,2,1,1,2,14,7.0,1.728,FWD,Arsenal,180,0.07894736842105263
4.0,0,0,0,0,0,0.0,0.0,GK,Arsenal,0,0.07894736842105263
5.5,1,0,0,0,7,3.5,1.273,DEF,Arsenal,99,0.07894736842105263
4.9,0,0,0,0,0,0.0,0.0,MID,Arsenal,0,0.07894736842105263
4.9,0,0,0,0,0,0.0,0.0,DEF,Arsenal,0,0.07894736842105263
7.0,2,0,0,0,6,3.0,0.8571,MID,Arsenal,154,0.07894736842105263
4.5,0,0,0,0,0,0.0,0.0,MID,Arsenal,0,0.07894736842105263
8.4,2,0,0,0,5,2.5,0.5952,MID,Arsenal,180,0.07894736842105263
5.5,2,0,0,0,18,9.0,3.273,GK,Arsenal,180,0.07894736842105263
6.4,2,0,0,0,5,2.5,0.7812,MID,Arsenal,174,0.07894736842105263
10.1,2,1,2,3,18,9.0,1.782,MID,Arsenal,166,0.07894736842105263
6.0,2,0,0,0,12,6.0,2.0,DEF,Arsenal,180,0.07894736842105263
5.0,2,1,0,1,14,7.0,2.8,MID,Arsenal,180,0.07894736842105263
4.4,0,0,0,0,0,0.0,0.0,DEF,Arsenal,0,0.07894736842105263
4.9,0,0,0,0,0,0.0,0.0,DEF,Arsenal,0,0.07894736842105263
6.9,0,1,0,1,8,4.0,1.159,MID,Arsenal,35,0.07894736842105263
6.5,2,0,0,0,12,6.0,1.846,DEF,Arsenal,180,0.07894736842105263
5.0,1,0,0,0,6,6.0,1.2,DEF,Arsenal,68,0.07894736842105263
4.5,2,0,0,0,7,3.5,1.556,GK,Arsenal,180,0.07894736842105263
6.8,0,0,0,0,0,0.0,0.0,MID,Arsenal,0,0.07894736842105263
5.9,0,0,0,0,1,1.0,0.1695,DEF,Arsenal,11,0.07894736842105263
4.5,0,0,0,0,0,0.0,0.0,MID,Arsenal,0,0.07894736842105263
6.0,0,0,0,0,0,0.0,0.0,MID,Arsenal,0,0.07894736842105263
6.5,2,0,0,0,3,1.5,0.4615,MID,Aston Villa,163,-0.02631578947368421
5.4,0,0,0,0,1,1.0,0.1852,MID,Aston Villa,14,-0.02631578947368421
4.9,0,0,0,0,0,0.0,0.0,MID,Aston Villa,0,-0.02631578947368421
5.4,0,0,0,0,0,0.0,0.0,MID,Aston Villa,0,-0.02631578947368421
4.5,2,0,0,0,3,1.5,0.6667,DEF,Aston Villa,96,-0.02631578947368421
4.5,0,0,0,0,0,0.0,0.0,MID,Aston Villa,0,-0.02631578947368421
6.5,0,0,0,0,0,0.0,0.0,MID,Aston Villa,0,-0.02631578947368421
4.5,0,0,0,0,0,0.0,0.0,DEF,Aston Villa,0,-0.02631578947368421
4.5,2,0,0,0,4,2.0,0.8889,DEF,Aston Villa,148,-0.02631578947368421
5.0,0,0,0,0,0,0.0,0.0,MID,Aston Villa,0,-0.02631578947368421
6.0,0,1,0,1,7,3.5,1.167,FWD,Aston Villa,53,-0.02631578947368421
4.0,0,0,0,0,0,0.0,0.0,GK,Aston Villa,0,-0.02631578947368421
4.0,0,0,0,0,0,0.0,0.0,DEF,Aston Villa,0,-0.02631578947368421
5.4,0,0,0,0,0,0.0,0.0,MID,Aston Villa,0,-0.02631578947368421
5.0,0,0,0,0,0,0.0,0.0,MID,Aston Villa,0,-0.02631578947368421
4.0,0,0,0,0,0,0.0,0.0,DEF,Aston Villa,0,-0.02631578947368421
4.5,2,0,0,0,3,1.5,0.6667,DEF,Aston Villa,180,-0.02631578947368421
5.0,0,0,0,0,2,1.0,0.4,DEF,Aston Villa,30,-0.02631578947368421
4.0,0,0,0,0,0,0.0,0.0,GK,Aston Villa,0,-0.02631578947368421
5.0,2,0,0,0,4,2.0,0.8,GK,Aston Villa,180,-0.02631578947368421
5.5,2,0,0,0,5,2.5,0.9091,MID,Aston Villa,125,-0.02631578947368421
4.4,0,0,0,0,0,0.0,0.0,DEF,Aston Villa,0,-0.02631578947368421
4.0,0,0,0,0,2,1.0,0.5,DEF,Aston Villa,82,-0.02631578947368421
4.5,0,0,0,0,0,0.0,0.0,GK,Aston Villa,0,-0.02631578947368421
4.5,2,0,0,0,3,1.5,0.6667,DEF,Aston Villa,180,-0.02631578947368421
5.5,0,0,1,1,5,2.5,0.9091,MID,Aston Villa,53,-0.02631578947368421
5.1,2,0,0,0,4,2.0,0.7843,MID,Aston Villa,180,-0.02631578947368421
4.0,0,0,0,0,0,0.0,0.0,GK,Aston Villa,0,-0.02631578947368421
4.0,0,0,0,0,0,0.0,0.0,DEF,Aston Villa,0,-0.02631578947368421
5.5,2,0,1,1,9,4.5,1.636,MID,Aston Villa,180,-0.02631578947368421
9.0,2,0,0,0,4,2.0,0.4444,FWD,Aston Villa,125,-0.02631578947368421
5.0,2,1,0,1,11,5.5,2.2,MID,Aston Villa,165,-0.02631578947368421
5.4,0,0,0,0,0,0.0,0.0,MID,Aston Villa,16,-0.02631578947368421
4.0,0,0,0,0,0,0.0,0.0,DEF,Aston Villa,0,-0.02631578947368421
4.5,0,0,0,0,0,0.0,0.0,DEF,Bournemouth,0,-0.03508771929824561
5.0,0,0,0,0,0,0.0,0.0,MID,Bournemouth,0,-0.03508771929824561
4.5,0,0,0,0,0,0.0,0.0,MID,Bournemouth,0,-0.03508771929824561
4.9,0,0,0,0,0,0.0,0.0,MID,Bournemouth,0,-0.03508771929824561
4.9,1,0,0,0,3,1.5,0.6122,MID,Bournemouth,90,-0.03508771929824561
5.0,2,0,0,0,3,1.5,0.6,MID,Bournemouth,173,-0.03508771929824561
5.4,0,0,0,0,0,0.0,0.0,FWD,Bournemouth,0,-0.03508771929824561
5.0,0,0,0,0,0,0.0,0.0,MID,Bournemouth,0,-0.03508771929824561
4.5,0,0,0,0,0,0.0,0.0,MID,Bournemouth,0,-0.03508771929824561
4.0,0,0,0,0,0,0.0,0.0,DEF,Bournemouth,0,-0.03508771929824561
4.5,0,0,0,0,2,1.0,0.4444,FWD,Bournemouth,26,-0.03508771929824561
4.5,2,0,0,0,3,1.5,0.6667,DEF,Bournemouth,180,-0.03508771929824561
5.4,1,0,0,0,3,1.5,0.5556,MID,Bournemouth,97,-0.03508771929824561
4.4,0,0,0,0,0,0.0,0.0,DEF,Bournemouth,0,-0.03508771929824561
5.0,1,0,0,0,3,1.5,0.6,MID,Bournemouth,86,-0.03508771929824561
4.0,0,0,0,0,0,0.0,0.0,GK,Bournemouth,0,-0.03508771929824561
4.9,0,0,0,0,1,1.0,0.2041,MID,Bournemouth,6,-0.03508771929824561
5.0,1,0,0,0,3,1.5,0.6,MID,Bournemouth,88,-0.03508771929824561
5.5,2,1,1,2,13,6.5,2.364,MID,Bournemouth,180,-0.03508771929824561
4.9,1,0,0,0,1,1.0,0.2041,DEF,Bournemouth,90,-0.03508771929824561
5.0,1,0,0,0,3,1.5,0.6,MID,Bournemouth,81,-0.03508771929824561
4.5,1,0,0,0,3,1.5,0.6667,DEF,Bournemouth,66,-0.03508771929824561
5.5,2,1,0,1,11,5.5,2.0,MID,Bournemouth,174,-0.03508771929824561
4.5,0,0,0,0,0,0.0,0.0,GK,Bournemouth,0,-0.03508771929824561
4.5,2,0,0,0,4,2.0,0.8889,DEF,Bournemouth,180,-0.03508771929824561
4.5,0,0,0,0,0,0.0,0.0,GK,Bournemouth,0,-0.03508771929824561
4.5,1,0,0,0,2,2.0,0.4444,DEF,Bournemouth,90,-0.03508771929824561
4.5,1,0,0,0,3,1.5,0.6667,DEF,Bournemouth,112,-0.03508771929824561
4.0,0,0,0,0,0,0.0,0.0,GK,Bournemouth,0,-0.03508771929824561
6.0,1,0,0,0,2,2.0,0.3333,FWD,Bournemouth,71,-0.03508771929824561
4.5,2,0,0,0,3,1.5,0.6667,DEF,Brentford,180,0.0
4.5,0,0,0,0,0,0.0,0.0,MID,Brentford,0,0.0
4.5,2,0,1,1,7,3.5,1.556,DEF,Brentford,180,0.0
5.0,0,0,0,0,2,1.0,0.4,MID,Brentford,40,0.0
4.9,0,0,0,0,0,0.0,0.0,MID,Brentford,0,0.0
4.5,2,0,0,0,7,3.5,1.556,GK,Brentford,180,0.0
4.4,0,0,0,0,0,0.0,0.0,DEF,Brentford,0,0.0
4.5,0,0,0,0,0,0.0,0.0,DEF,Brentford,0,0.0
5.0,2,0,0,0,4,2.0,0.8,MID,Brentford,145,0.0
5.5,2,0,0,0,3,1.5,0.5455,MID,Brentford,148,0.0
4.0,0,0,0,0,0,0.0,0.0,DEF,Brentford,0,0.0
4.5,0,0,0,0,0,0.0,0.0,MID,Brentford,0,0.0
5.0,1,0,0,0,3,1.5,0.6,MID,Brentford,81,0.0
7.0,2,1,0,1,10,5.0,1.429,MID,Brentford,179,0.0
4.5,0,0,0,0,1,1.0,0.2222,DEF,Brentford,1,0.0
5.0,2,0,0,0,3,1.5,0.6,MID,Brentford,180,0.0
4.9,0,0,0,0,2,1.0,0.4082,MID,Brentford,23,0.0
4.5,0,0,0,0,0,0.0,0.0,MID,Brentford,0,0.0
4.5,2,0,0,0,1,0.5,0.2222,DEF,Brentford,180,0.0
4.5,2,0,0,0,3,1.5,0.6667,DEF,Brentford,180,0.0
5.5,1,0,0,0,3,1.5,0.5455,MID,Brentford,90,0.0
5.9,0,0,0,0,0,0.0,0.0,FWD,Brentford,0,0.0
7.3,0,0,0,0,0,0.0,0.0,FWD,Brentford,0,0.0
4.0,0,0,0,0,0,0.0,0.0,GK,Brentford,0,0.0
6.1,2,1,1,2,13,6.5,2.131,FWD,Brentford,155,0.0
4.5,0,0,0,0,0,0.0,0.0,MID,Brentford,0,0.0
4.5,0,0,0,0,0,0.0,0.0,DEF,Brentford,0,0.0
4.9,0,0,0,0,2,1.0,0.4082,MID,Brentford,30,0.0
4.0,0,0,0,0,0,0.0,0.0,DEF,Brentford,0,0.0
4.5,0,0,0,0,0,0.0,0.0,MID,Brentford,0,0.0
5.0,0,0,0,0,0,0.0,0.0,MID,Brentford,0,0.0
5.5,0,1,1,2,10,5.0,1.818,MID,Brighton,46,0.07894736842105263
4.5,0,0,0,0,0,0.0,0.0,MID,Brighton,0,0.07894736842105263
5.0,0,0,0,0,1,1.0,0.2,MID,Brighton,17,0.07894736842105263
4.0,0,0,0,0,0,0.0,0.0,DEF,Brighton,0,0.07894736842105263
4.5,0,0,0,0,0,0.0,0.0,MID,Brighton,0,0.07894736842105263
4.9,0,0,0,0,0,0.0,0.0,MID,Brighton,0,0.07894736842105263
4.5,2,0,0,0,8,4.0,1.778,DEF,Brighton,165,0.07894736842105263
5.4,0,0,0,0,1,1.0,0.1852,MID,Brighton,11,0.07894736842105263
5.0,0,0,0,0,0,0.0,0.0,DEF,Brighton,0,0.07894736842105263
5.5,0,0,0,0,0,0.0,0.0,FWD,Brighton,0,0.07894736842105263
5.0,1,0,0,0,3,1.5,0.6,MID,Brighton,97,0.07894736842105263
6.5,0,0,0,0,0,0.0,0.0,MID,Brighton,0,0.07894736842105263
5.0,2,0,0,0,5,2.5,1.0,MID,Brighton,180,0.07894736842105263
5.0,0,0,0,0,0,0.0,0.0,MID,Brighton,0,0.07894736842105263
4.4,0,0,0,0,0,0.0,0.0,DEF,Brighton,0,0.07894736842105263
5.6,2,1,0,1,10,5.0,1.786,FWD,Brighton,171,0.07894736842105263
4.5,0,0,0,0,0,0.0,0.0,MID,Brighton,0,0.07894736842105263
4.5,0,0,0,0,0,0.0,0.0,DEF,Brighton,0,0.07894736842105263
6.5,0,0,0,0,0,0.0,0.0,MID,Brighton,0,0.07894736842105263
4.5,0,0,0,0,0,0.0,0.0,MID,Brighton,0,0.07894736842105263
5.0,2,0,0,0,4,2.0,0.8,MID,Brighton,153,0.07894736842105263
5.5,2,0,1,1,6,3.0,1.091,MID,Brighton,134,0.07894736842105263
6.6,2,1,1,2,14,7.0,2.121,MID,Brighton,177,0.07894736842105263
4.5,0,0,0,0,0,0.0,0.0,MID,Brighton,0,0.07894736842105263
4.5,0,0,0,0,0,0.0,0.0,FWD,Brighton,0,0.07894736842105263
4.0,0,0,0,0,0,0.0,0.0,DEF,Brighton,0,0.07894736842105263
4.5,0,0,0,0,0,0.0,0.0,MID,Brighton,0,0.07894736842105263
4.9,0,0,0,0,1,1.0,0.2041,MID,Brighton,8,0.07894736842105263
4.5,2,0,0,0,9,4.5,2.0,GK,Brighton,180,0.07894736842105263
5.5,0,0,0,0,0,0.0,0.0,FWD,Brighton,0,0.07894736842105263
4.5,2,0,0,0,7,3.5,1.556,DEF,Brighton,180,0.07894736842105263
4.5,2,0,0,0,10,5.0,2.222,DEF,Brighton,180,0.07894736842105263
4.5,0,0,0,0,0,0.0,0.0,GK,Brighton,0,0.07894736842105263
4.5,0,0,0,0,1,1.0,0.2222,DEF,Brighton,14,0.07894736842105263
5.6,2,2,1,3,21,10.5,3.75,FWD,Brighton,168,0.07894736842105263
5.0,1,0,1,1,6,6.0,1.2,MID,Brighton,90,0.07894736842105263
5.5,0,0,0,0,0,0.0,0.0,MID,Brighton,0,0.07894736842105263
5.0,0,0,0,0,2,1.0,0.4,MID,Brighton,2,0.07894736842105263
5.0,0,0,0,0,0,0.0,0.0,MID,Brighton,0,0.07894736842105263
4.0,0,0,0,0,0,0.0,0.0,GK,Brighton,0,0.07894736842105263
5.5,0,0,0,0,1,1.0,0.1818,MID,Brighton,1,0.07894736842105263
4.5,0,0,0,0,0,0.0,0.0,DEF,Brighton,0,0.07894736842105263
5.5,0,0,0,0,0,0.0,0.0,MID,Brighton,0,0.07894736842105263
4.5,0,0,0,0,0,0.0,0.0,MID,Chelsea,0,0.0
4.5,0,0,0,0,0,0.0,0.0,MID,Chelsea,0,0.0
4.5,0,0,0,0,0,0.0,0.0,DEF,Chelsea,0,0.0
4.0,0,0,0,0,0,0.0,0.0,GK,Chelsea,0,0.0
4.0,0,0,0,0,0,0.0,0.0,GK,Chelsea,0,0.0
5.0,2,0,0,0,3,1.5,0.6,MID,Chelsea,165,0.0
4.5,0,0,0,0,0,0.0,0.0,MID,Chelsea,0,0.0
4.4,0,0,0,0,0,0.0,0.0,DEF,Chelsea,0,0.0
4.9,0,0,0,0,0,0.0,0.0,DEF,Chelsea,0,0.0
4.9,0,0,0,0,0,0.0,0.0,MID,Chelsea,0,0.0
4.5,2,0,0,0,2,1.0,0.4444,DEF,Chelsea,180,0.0
5.0,2,0,0,0,2,1.0,0.4,DEF,Chelsea,161,0.0
5.4,0,0,0,0,0,0.0,0.0,FWD,Chelsea,0,0.0
5.0,0,0,0,0,0,0.0,0.0,FWD,Chelsea,0,0.0
5.9,0,0,0,0,2,1.0,0.339,MID,Chelsea,38,0.0
4.4,0,0,0,0,0,0.0,0.0,DEF,Chelsea,0,0.0
5.0,2,0,0,0,4,2.0,0.8,MID,Chelsea,180,0.0
5.9,0,0,0,0,0,0.0,0.0,MID,Chelsea,0,0.0
4.0,0,0,0,0,0,0.0,0.0,DEF,Chelsea,0,0.0
5.0,2,0,0,0,1,0.5,0.2,DEF,Chelsea,180,0.0
5.0,0,0,0,0,0,0.0,0.0,DEF,Chelsea,0,0.0
4.5,0,0,0,0,0,0.0,0.0,MID,Chelsea,0,0.0
4.5,1,0,0,0,2,2.0,0.4444,MID,Chelsea,65,0.0
6.3,0,0,0,0,0,0.0,0.0,FWD,Chelsea,0,0.0
4.5,0,0,0,0,0,0.0,0.0,DEF,Chelsea,0,0.0
6.5,1,3,0,3,20,20.0,3.077,MID,Chelsea,90,0.0
5.0,0,0,0,0,1,1.0,0.2,FWD,Chelsea,24,0.0
6.4,1,0,0,0,1,1.0,0.1562,MID,Chelsea,45,0.0
7.6,2,1,1,2,12,6.0,1.579,FWD,Chelsea,132,0.0
6.3,1,0,0,0,2,1.0,0.3175,MID,Chelsea,64,0.0
10.6,2,1,3,4,19,9.5,1.792,MID,Chelsea,172,0.0
4.4,0,0,0,0,0,0.0,0.0,GK,Chelsea,0,0.0
4.5,0,0,0,0,2,1.0,0.4444,MID,Chelsea,17,0.0
4.5,2,0,0,0,3,1.5,0.6667,GK,Chelsea,180,0.0
4.4,0,0,0,0,0,0.0,0.0,DEF,Chelsea,0,0.0
4.5,2,0,0,0,2,1.0,0.4444,DEF,Chelsea,180,0.0
6.5,0,0,1,1,5,2.5,0.7692,MID,Chelsea,77,0.0
4.0,0,0,0,0,0,0.0,0.0,DEF,Chelsea,0,0.0
4.4,0,0,0,0,0,0.0,0.0,GK,Chelsea,0,0.0
6.5,0,1,0,1,6,6.0,0.9231,MID,Chelsea,22,0.0
5.9,0,0,0,0,0,0.0,0.0,FWD,Crystal Palace,0,-0.05263157894736842
4.5,0,0,0,0,0,0.0,0.0,MID,Crystal Palace,0,-0.05263157894736842
4.9,0,0,0,0,1,1.0,0.2041,MID,Crystal Palace,6,-0.05263157894736842
4.5,2,0,0,0,1,0.5,0.2222,DEF,Crystal Palace,163,-0.05263157894736842
4.5,1,0,0,0,1,1.0,0.2222,DEF,Crystal Palace,90,-0.05263157894736842
4.4,0,0,0,0,0,0.0,0.0,DEF,Crystal Palace,0,-0.05263157894736842
4.5,0,0,0,0,0,0.0,0.0,MID,Crystal Palace,0,-0.05263157894736842
6.9,2,0,0,0,4,2.0,0.5797,MID,Crystal Palace,180,-0.05263157894736842
4.5,2,0,0,0,1,0.5,0.2222,DEF,Crystal Palace,180,-0.05263157894736842
4.5,2,0,0,0,3,1.5,0.6667,GK,Crystal Palace,180,-0.05263157894736842
4.4,0,0,0,0,0,0.0,0.0,DEF,Crystal Palace,0,-0.05263157894736842
4.9,1,0,0,0,2,2.0,0.4082,MID,Crystal Palace,83,-0.05263157894736842
5.4,1,0,0,0,2,1.0,0.3704,MID,Crystal Palace,96,-0.05263157894736842
4.9,1,0,0,0,3,1.5,0.6122,MID,Crystal Palace,78,-0.05263157894736842
7.5,2,0,0,0,3,1.5,0.4,FWD,Crystal Palace,135,-0.05263157894736842
4.4,0,0,0,0,0,0.0,0.0,MID,Crystal Palace,0,-0.05263157894736842
4.0,0,0,0,0,0,0.0,0.0,GK,Crystal Palace,0,-0.05263157894736842
5.0,2,0,0,0,2,1.0,0.4,DEF,Crystal Palace,180,-0.05263157894736842
5.0,2,0,1,1,5,2.5,1.0,DEF,Crystal Palace,180,-0.05263157894736842
4.5,0,0,0,0,0,0.0,0.0,MID,Crystal Palace,0,-0.05263157894736842
4.5,0,0,0,0,0,0.0,0.0,MID,Crystal Palace,0,-0.05263157894736842
4.9,0,0,0,0,1,1.0,0.2041,MID,Crystal Palace,9,-0.05263157894736842
4.5,0,0,0,0,0,0.0,0.0,DEF,Crystal Palace,0,-0.05263157894736842
5.0,2,0,0,0,4,2.0,0.8,MID,Crystal Palace,163,-0.05263157894736842
4.0,0,0,0,0,0,0.0,0.0,GK,Crystal Palace,0,-0.05263157894736842
5.9,0,0,0,0,2,1.0,0.339,MID,Crystal Palace,25,-0.05263157894736842
5.5,0,0,0,0,0,0.0,0.0,FWD,Everton,0,-0.08771929824561403
5.4,2,0,0,0,3,1.5,0.5556,MID,Everton,118,-0.08771929824561403
5.0,0,0,0,0,2,1.0,0.4,FWD,Everton,32,-0.08771929824561403
4.9,0,0,0,0,0,0.0,0.0,DEF,Everton,0,-0.08771929824561403
5.9,2,0,0,0,4,2.0,0.678,FWD,Everton,146,-0.08771929824561403
4.4,0,0,0,0,0,0.0,0.0,DEF,Everton,0,-0.08771929824561403
5.0,2,0,0,0,4,2.0,0.8,MID,Everton,180,-0.08771929824561403
5.0,0,0,0,0,0,0.0,0.0,MID,Everton,0,-0.08771929824561403
5.5,2,0,0,0,3,1.5,0.5455,MID,Everton,140,-0.08771929824561403
4.0,0,0,0,0,1,1.0,0.25,DEF,Everton,5,-0.08771929824561403
4.5,2,0,0,0,4,2.0,0.8889,MID,Everton,180,-0.08771929824561403
4.0,0,0,0,0,0,0.0,0.0,GK,Everton,0,-0.08771929824561403
4.0,2,0,0,0,1,0.5,0.25,DEF,Everton,180,-0.08771929824561403
4.9,0,0,0,0,0,0.0,0.0,FWD,Everton,0,-0.08771929824561403
5.4,2,0,0,0,4,2.0,0.7407,MID,Everton,180,-0.08771929824561403
4.4,2,0,0,0,1,0.5,0.2273,DEF,Everton,180,-0.08771929824561403
5.4,0,0,0,0,2,1.0,0.3704,FWD,Everton,60,-0.08771929824561403
4.4,0,0,0,0,0,0.0,0.0,DEF,Everton,0,-0.08771929824561403
4.9,2,0,0,0,2,1.0,0.4082,GK,Everton,180,-0.08771929824561403
4.9,2,0,0,0,0,0.0,0.0,DEF,Everton,180,-0.08771929824561403
5.0,0,0,0,0,0,0.0,0.0,FWD,Everton,0,-0.08771929824561403
4.5,1,0,0,0,-2,-2.0,-0.4444,DEF,Everton,65,-0.08771929824561403
5.4,0,0,0,0,1,1.0,0.1852,MID,Everton,33,-0.08771929824561403
4.9,0,0,0,0,0,0.0,0.0,DEF,Everton,0,-0.08771929824561403
4.5,0,0,0,0,1,1.0,0.2222,MID,Everton,1,-0.08771929824561403
4.5,0,0,0,0,0,0.0,0.0,MID,Everton,0,-0.08771929824561403
4.0,0,0,0,0,0,0.0,0.0,GK,Everton,0,-0.08771929824561403
4.0,1,0,0,0,0,0.0,0.0,DEF,Everton,90,-0.08771929824561403
5.0,0,0,0,0,1,1.0,0.2,MID,Fulham,2,0.017543859649122806
5.6,2,1,0,1,13,6.5,2.321,MID,Fulham,131,0.017543859649122806
4.5,1,0,0,0,0,0.0,0.0,DEF,Fulham,90,0.017543859649122806
5.0,2,0,1,1,8,4.0,1.6,MID,Fulham,145,0.017543859649122806
5.5,2,0,0,0,3,1.5,0.5455,MID,Fulham,175,0.017543859649122806
4.5,2,0,0,0,3,1.5,0.6667,DEF,Fulham,180,0.017543859649122806
4.0,0,0,0,0,0,0.0,0.0,GK,Fulham,0,0.017543859649122806
4.9,0,0,0,0,0,0.0,0.0,MID,Fulham,47,0.017543859649122806
4.4,0,0,0,0,0,0.0,0.0,DEF,Fulham,0,0.017543859649122806
4.5,2,0,0,0,4,2.0,0.8889,DEF,Fulham,180,0.017543859649122806
4.5,0,0,0,0,0,0.0,0.0,MID,Fulham,0,0.017543859649122806
5.5,2,1,0,1,10,5.0,1.818,MID,Fulham,180,0.017543859649122806
5.0,2,0,0,0,6,3.0,1.2,GK,Fulham,180,0.017543859649122806
5.0,2,0,0,0,4,2.0,0.8,MID,Fulham,180,0.017543859649122806
4.0,0,0,0,0,0,0.0,0.0,DEF,Fulham,0,0.017543859649122806
6.1,2,0,0,0,4,2.0,0.6557,FWD,Fulham,156,0.017543859649122806
5.5,0,0,0,0,2,1.0,0.3636,FWD,Fulham,22,0.017543859649122806
4.5,0,0,0,0,0,0.0,0.0,DEF,Fulham,0,0.017543859649122806
5.0,0,0,0,0,2,1.0,0.4,MID,Fulham,5,0.017543859649122806
4.6,2,0,1,1,9,4.5,1.957,DEF,Fulham,180,0.017543859649122806
5.0,0,0,0,0,1,1.0,0.2,FWD,Fulham,1,0.017543859649122806
4.5,2,0,0,0,4,2.0,0.8889,DEF,Fulham,180,0.017543859649122806
5.0,0,0,0,0,0,0.0,0.0,FWD,Fulham,0,0.017543859649122806
5.4,0,0,0,0,1,0.5,0.1852,MID,Fulham,33,0.017543859649122806
4.4,0,0,0,0,0,0.0,0.0,DEF,Fulham,0,0.017543859649122806
4.5,0,0,0,0,0,0.0,0.0,DEF,Fulham,0,0.017543859649122806
4.5,0,0,0,0,0,0.0,0.0,MID,Fulham,0,0.017543859649122806
4.5,0,0,0,0,0,0.0,0.0,MID,Fulham,0,0.017543859649122806
5.0,0,0,0,0,0,0.0,0.0,MID,Fulham,0,0.017543859649122806
5.0,0,0,0,0,1,0.5,0.2,FWD,Ipswich,23,-0.10526315789473684
4.0,0,0,0,0,0,0.0,0.0,DEF,Ipswich,0,-0.10526315789473684
5.0,0,0,0,0,0,0.0,0.0,MID,Ipswich,0,-0.10526315789473684
4.0,0,0,0,0,0,0.0,0.0,DEF,Ipswich,0,-0.10526315789473684
4.9,1,0,0,0,0,0.0,0.0,MID,Ipswich,56,-0.10526315789473684
5.4,1,0,0,0,3,1.5,0.5556,MID,Ipswich,65,-0.10526315789473684
4.0,0,0,0,0,0,0.0,0.0,DEF,Ipswich,0,-0.10526315789473684
4.5,2,0,0,0,1,0.5,0.2222,DEF,Ipswich,180,-0.10526315789473684
5.5,2,0,0,0,4,2.0,0.7273,FWD,Ipswich,155,-0.10526315789473684
4.0,0,0,0,0,1,1.0,0.25,DEF,Ipswich,1,-0.10526315789473684
4.0,2,0,0,0,1,0.5,0.25,DEF,Ipswich,180,-0.10526315789473684
4.9,0,0,0,0,2,1.0,0.4082,MID,Ipswich,43,-0.10526315789473684
5.4,0,0,0,0,0,0.0,0.0,FWD,Ipswich,0,-0.10526315789473684
4.5,0,0,0,0,0,0.0,0.0,MID,Ipswich,0,-0.10526315789473684
5.5,2,0,0,0,3,1.5,0.5455,MID,Ipswich,178,-0.10526315789473684
4.0,1,0,1,1,3,1.5,0.75,DEF,Ipswich,123,-0.10526315789473684
4.5,0,0,0,0,0,0.0,0.0,FWD,Ipswich,0,-0.10526315789473684
4.5,2,0,0,0,4,2.0,0.8889,MID,Ipswich,135,-0.10526315789473684
5.0,2,0,0,0,3,1.5,0.6,MID,Ipswich,180,-0.10526315789473684
4.0,0,0,0,0,0,0.0,0.0,DEF,Ipswich,0,-0.10526315789473684
4.0,0,0,0,0,0,0.0,0.0,GK,Ipswich,0,-0.10526315789473684
4.9,0,0,0,0,2,1.0,0.4082,MID,Ipswich,43,-0.10526315789473684
4.0,2,0,0,0,1,0.5,0.25,DEF,Ipswich,161,-0.10526315789473684
4.5,1,0,0,0,2,2.0,0.4444,GK,Ipswich,90,-0.10526315789473684
4.0,2,0,0,0,0,0.0,0.0,DEF,Ipswich,180,-0.10526315789473684
5.0,0,0,0,0,0,0.0,0.0,MID,Ipswich,0,-0.10526315789473684
4.4,1,0,0,0,0,0.0,0.0,GK,Ipswich,90,-0.10526315789473684
4.0,0,0,0,0,0,0.0,0.0,DEF,Ipswich,0,-0.10526315789473684
6.0,1,1,0,1,7,3.5,1.167,MID,Ipswich,87,-0.10526315789473684
4.5,0,0,0,0,0,0.0,0.0,MID,Ipswich,0,-0.10526315789473684
4.0,0,0,0,0,0,0.0,0.0,DEF,Ipswich,0,-0.10526315789473684
5.5,0,0,0,0,0,0.0,0.0,MID,Ipswich,0,-0.10526315789473684
5.0,0,0,0,0,0,0.0,0.0,MID,Ipswich,0,-0.10526315789473684
5.0,2,0,1,1,7,3.5,1.4,MID,Leicester,148,-0.043859649122807015
5.4,0,0,0,0,1,0.5,0.1852,MID,Leicester,47,-0.043859649122807015
5.4,1,0,0,0,3,1.5,0.5556,FWD,Leicester,115,-0.043859649122807015
4.5,0,0,0,0,1,1.0,0.2222,MID,Leicester,11,-0.043859649122807015
4.5,0,0,0,0,0,0.0,0.0,FWD,Leicester,0,-0.043859649122807015
4.5,0,0,0,0,0,0.0,0.0,MID,Leicester,0,-0.043859649122807015
4.0,0,0,0,0,0,0.0,0.0,DEF,Leicester,0,-0.043859649122807015
4.9,0,0,0,0,0,0.0,0.0,FWD,Leicester,0,-0.043859649122807015
5.5,2,0,0,0,4,2.0,0.7273,MID,Leicester,147,-0.043859649122807015
4.1,2,1,0,1,8,4.0,1.951,DEF,Leicester,180,-0.043859649122807015
4.5,0,0,0,0,0,0.0,0.0,MID,Leicester,0,-0.043859649122807015
4.5,2,0,0,0,5,2.5,1.111,GK,Leicester,180,-0.043859649122807015
4.0,0,0,0,0,0,0.0,0.0,GK,Leicester,0,-0.043859649122807015
4.5,2,0,0,0,3,1.5,0.6667,DEF,Leicester,180,-0.043859649122807015
4.5,2,0,0,0,2,1.0,0.4444,DEF,Leicester,174,-0.043859649122807015
4.5,0,0,0,0,0,0.0,0.0,MID,Leicester,0,-0.043859649122807015
5.4,0,0,0,0,2,1.0,0.3704,MID,Leicester,30,-0.043859649122807015
4.9,0,0,0,0,2,1.0,0.4082,MID,Leicester,9,-0.043859649122807015
5.0,2,0,0,0,4,2.0,0.8,MID,Leicester,180,-0.043859649122807015
4.0,0,0,0,0,0,0.0,0.0,DEF,Leicester,0,-0.043859649122807015
4.4,0,0,0,0,0,0.0,0.0,DEF,Leicester,0,-0.043859649122807015
4.0,0,0,0,0,0,0.0,0.0,DEF,Leicester,0,-0.043859649122807015
4.0,0,0,0,0,0,0.0,0.0,GK,Leicester,0,-0.043859649122807015
4.0,0,0,0,0,0,0.0,0.0,DEF,Leicester,0,-0.043859649122807015
5.6,2,1,0,1,10,5.0,1.786,FWD,Leicester,148,-0.043859649122807015
4.0,2,0,0,0,2,1.0,0.5,DEF,Leicester,180,-0.043859649122807015
4.0,0,0,0,0,0,0.0,0.0,GK,Leicester,0,-0.043859649122807015
4.5,2,0,0,0,4,2.0,0.8889,MID,Leicester,180,-0.043859649122807015
5.0,0,0,0,0,1,1.0,0.2,MID,Leicester,19,-0.043859649122807015
5.5,2,0,1,1,10,5.0,1.818,MID,Leicester,180,-0.043859649122807015
4.5,0,0,0,0,0,0.0,0.0,MID,Leicester,0,-0.043859649122807015
4.0,0,0,0,0,0,0.0,0.0,DEF,Leicester,0,-0.043859649122807015
5.0,0,0,0,0,0,0.0,0.0,MID,Leicester,0,-0.043859649122807015
5.5,2,0,0,0,13,6.5,2.364,GK,Liverpool,180,0.07894736842105263
7.0,2,0,0,0,14,7.0,2.0,DEF,Liverpool,147,0.07894736842105263
4.5,0,0,0,0,0,0.0,0.0,MID,Liverpool,0,0.07894736842105263
4.9,0,0,0,0,2,1.0,0.4082,DEF,Liverpool,31,0.07894736842105263
4.5,0,0,0,0,0,0.0,0.0,MID,Liverpool,0,0.07894736842105263
7.3,0,0,0,0,1,1.0,0.137,FWD,Liverpool,18,0.07894736842105263
7.6,2,1,1,2,14,7.0,1.842,MID,Liverpool,149,0.07894736842105263
4.5,0,0,0,0,0,0.0,0.0,MID,Liverpool,0,0.07894736842105263
5.3,0,0,0,0,1,1.0,0.1887,MID,Liverpool,7,0.07894736842105263
4.9,0,0,0,0,1,1.0,0.2041,MID,Liverpool,1,0.07894736842105263
7.3,0,0,0,0,1,0.5,0.137,FWD,Liverpool,29,0.07894736842105263
4.9,0,0,0,0,0,0.0,0.0,DEF,Liverpool,0,0.07894736842105263
5.0,2,0,0,0,5,2.5,1.0,MID,Liverpool,180,0.07894736842105263
5.4,0,0,0,0,0,0.0,0.0,MID,Liverpool,0,0.07894736842105263
4.4,0,0,0,0,0,0.0,0.0,GK,Liverpool,0,0.07894736842105263
5.0,1,0,0,0,8,4.0,1.6,DEF,Liverpool,135,0.07894736842105263
7.5,2,1,1,2,17,8.5,2.267,MID,Liverpool,161,0.07894736842105263
12.6,2,2,1,3,24,12.0,1.905,MID,Liverpool,172,0.07894736842105263
6.4,2,0,0,0,6,3.0,0.9375,MID,Liverpool,180,0.07894736842105263
4.5,0,0,0,0,0,0.0,0.0,MID,Liverpool,0,0.07894736842105263
4.5,0,0,0,0,0,0.0,0.0,MID,Liverpool,0,0.07894736842105263
4.0,0,0,0,0,0,0.0,0.0,DEF,Liverpool,0,0.07894736842105263
4.3,1,0,0,0,1,1.0,0.2326,DEF,Liverpool,45,0.07894736842105263
4.0,0,0,0,0,0,0.0,0.0,DEF,Liverpool,0,0.07894736842105263
6.0,2,0,0,0,12,6.0,2.0,DEF,Liverpool,168,0.07894736842105263
6.5,2,0,1,1,9,4.5,1.385,MID,Liverpool,180,0.07894736842105263
4.8,0,0,0,0,1,1.0,0.2083,DEF,Liverpool,11,0.07894736842105263
6.0,2,0,0,0,13,6.5,2.167,DEF,Liverpool,180,0.07894736842105263
7.0,0,0,0,0,0,0.0,0.0,MID,Liverpool,0,0.07894736842105263
5.5,2,0,0,0,8,4.0,1.455,DEF,Man City,180,0.07894736842105263
5.4,0,0,0,0,0,0.0,0.0,DEF,Man City,0,0.07894736842105263
6.6,2,0,1,1,8,4.0,1.212,MID,Man City,180,0.07894736842105263
4.9,0,0,0,0,0,0.0,0.0,MID,Man City,0,0.07894736842105263
4.0,0,0,0,0,0,0.0,0.0,GK,Man City,0,0.07894736842105263
9.6,2,1,1,2,15,7.5,1.562,MID,Man City,179,0.07894736842105263
6.5,2,0,0,0,5,2.5,0.7692,MID,Man City,160,0.07894736842105263
5.5,2,0,0,0,10,5.0,1.818,GK,Man City,180,0.07894736842105263
9.4,0,0,0,0,1,1.0,0.1064,MID,Man City,45,0.07894736842105263
6.4,0,0,0,0,0,0.0,0.0,MID,Man City,19,0.07894736842105263
6.0,2,0,0,0,9,4.5,1.5,DEF,Man City,180,0.07894736842105263
15.1,2,4,0,4,24,12.0,1.589,FWD,Man City,179,0.07894736842105263
7.0,0,0,0,0,0,0.0,0.0,FWD,Man City,0,0.07894736842105263
5.3,0,0,0,0,0,0.0,0.0,DEF,Man City,0,0.07894736842105263
5.5,2,1,0,1,12,6.0,2.182,MID,Man City,139,0.07894736842105263
4.6,2,0,0,0,8,4.0,1.739,DEF,Man City,180,0.07894736842105263
4.9,0,0,0,0,1,1.0,0.2041,MID,Man City,1,0.07894736842105263
4.9,0,0,0,0,1,1.0,0.2041,MID,Man City,1,0.07894736842105263
5.4,0,0,0,0,0,0.0,0.0,GK,Man City,0,0.07894736842105263
6.4,0,0,0,0,0,0.0,0.0,MID,Man City,0,0.07894736842105263
5.5,2,0,0,0,7,3.5,1.273,DEF,Man City,180,0.07894736842105263
5.4,0,0,0,0,1,1.0,0.1852,DEF,Man City,40,0.07894736842105263
5.4,0,0,0,0,0,0.0,0.0,DEF,Man City,0,0.07894736842105263
6.5,2,0,2,2,10,5.0,1.538,MID,Man City,115,0.07894736842105263
5.0,0,0,0,0,0,0.0,0.0,MID,Man City,0,0.07894736842105263
6.5,0,0,0,0,1,1.0,0.1538,MID,Man City,19,0.07894736842105263
4.5,0,0,0,0,0,0.0,0.0,DEF,Man City,0,0.07894736842105263
5.0,2,1,0,1,9,4.5,1.8,MID,Man Utd,149,-0.02631578947368421
5.9,0,0,0,0,1,1.0,0.1695,MID,Man Utd,1,-0.02631578947368421
8.4,2,0,0,0,5,2.5,0.5952,MID,Man Utd,168,-0.02631578947368421
4.5,0,0,0,0,0,0.0,0.0,GK,Man Utd,0,-0.02631578947368421
5.0,2,0,0,0,5,2.5,1.0,MID,Man Utd,180,-0.02631578947368421
5.0,2,0,0,0,8,4.0,1.6,DEF,Man Utd,180,-0.02631578947368421
5.4,0,0,0,0,0,0.0,0.0,MID,Man Utd,0,-0.02631578947368421
4.4,0,0,0,0,1,1.0,0.2273,DEF,Man Utd,9,-0.02631578947368421
6.4,0,0,1,1,5,2.5,0.7812,MID,Man Utd,54,-0.02631578947368421
4.5,0,0,0,0,0,0.0,0.0,MID,Man Utd,0,-0.02631578947368421
4.0,0,0,0,0,0,0.0,0.0,GK,Man Utd,0,-0.02631578947368421
6.9,0,0,0,0,0,0.0,0.0,FWD,Man Utd,0,-0.02631578947368421
4.4,0,0,0,0,0,0.0,0.0,DEF,Man Utd,0,-0.02631578947368421
5.0,2,0,0,0,7,3.5,1.4,DEF,Man Utd,158,-0.02631578947368421
5.5,2,0,0,0,4,2.0,0.7273,MID,Man Utd,173,-0.02631578947368421
4.4,0,0,0,0,0,0.0,0.0,DEF,Man Utd,0,-0.02631578947368421
4.5,2,0,0,0,8,4.0,1.778,DEF,Man Utd,180,-0.02631578947368421
4.9,0,0,0,0,2,1.0,0.4082,MID,Man Utd,17,-0.02631578947368421
6.4,2,0,0,0,3,1.5,0.4688,MID,Man Utd,105,-0.02631578947368421
5.0,2,0,0,0,7,3.5,1.4,GK,Man Utd,180,-0.02631578947368421
5.0,0,0,0,0,0,0.0,0.0,MID,Man Utd,0,-0.02631578947368421
6.9,2,0,0,0,5,2.5,0.7246,MID,Man Utd,154,-0.02631578947368421
6.3,0,0,0,0,0,0.0,0.0,MID,Man Utd,0,-0.02631578947368421
4.9,0,0,0,0,0,0.0,0.0,DEF,Man Utd,0,-0.02631578947368421
7.1,0,1,0,1,9,4.5,1.268,FWD,Man Utd,74,-0.02631578947368421
4.4,0,0,0,0,0,0.0,0.0,DEF,Man Utd,0,-0.02631578947368421
5.0,0,0,0,0,2,1.0,0.4,DEF,Man Utd,20,-0.02631578947368421
4.5,2,0,1,1,12,6.0,2.667,DEF,Man Utd,170,-0.02631578947368421
4.5,0,0,0,0,0,0.0,0.0,MID,Man Utd,0,-0.02631578947368421
4.0,0,0,0,0,0,0.0,0.0,DEF,Newcastle,0,0.05263157894736842
5.8,0,0,0,0,1,1.0,0.1724,MID,Newcastle,1,0.05263157894736842
6.4,0,0,1,1,6,3.0,0.9375,MID,Newcastle,52,0.05263157894736842
4.5,0,0,0,0,0,0.0,0.0,DEF,Newcastle,0,0.05263157894736842
6.4,2,0,0,0,5,2.5,0.7812,MID,Newcastle,180,0.05263157894736842
4.5,2,0,0,0,6,3.0,1.333,DEF,Newcastle,180,0.05263157894736842
4.4,0,0,0,0,0,0.0,0.0,GK,Newcastle,0,0.05263157894736842
7.5,2,1,0,1,13,6.5,1.733,MID,Newcastle,157,0.05263157894736842
4.5,1,0,0,0,6,3.0,1.333,DEF,Newcastle,90,0.05263157894736842
4.5,0,0,0,0,0,0.0,0.0,MID,Newcastle,0,0.05263157894736842
8.5,2,0,1,1,7,3.5,0.8235,FWD,Newcastle,180,0.05263157894736842
5.4,2,0,0,0,2,1.0,0.3704,MID,Newcastle,86,0.05263157894736842
6.0,2,1,0,1,12,6.0,2.0,MID,Newcastle,180,0.05263157894736842
4.5,1,0,0,0,3,1.5,0.6667,DEF,Newcastle,88,0.05263157894736842
4.5,1,0,0,0,8,4.0,1.778,DEF,Newcastle,150,0.05263157894736842
4.5,0,0,0,0,0,0.0,0.0,MID,Newcastle,0,0.05263157894736842
4.5,0,0,0,0,0,0.0,0.0,DEF,Newcastle,0,0.05263157894736842
4.0,0,0,0,0,0,0.0,0.0,DEF,Newcastle,0,0.05263157894736842
4.5,2,0,0,0,8,4.0,1.778,DEF,Newcastle,147,0.05263157894736842
5.0,2,0,0,0,5,2.5,1.0,MID,Newcastle,159,0.05263157894736842
5.0,0,0,0,0,0,0.0,0.0,MID,Newcastle,0,0.05263157894736842
4.5,0,0,0,0,0,0.0,0.0,GK,Newcastle,0,0.05263157894736842
5.0,2,0,0,0,12,6.0,2.4,GK,Newcastle,180,0.05263157894736842
4.0,0,0,0,0,0,0.0,0.0,GK,Newcastle,0,0.05263157894736842
5.4,1,0,0,0,-2,-2.0,-0.3704,DEF,Newcastle,27,0.05263157894736842
4.0,0,0,0,0,0,0.0,0.0,DEF,Newcastle,0,0.05263157894736842
5.5,0,0,0,0,0,0.0,0.0,MID,Newcastle,0,0.05263157894736842
5.9,0,0,0,0,1,1.0,0.1695,DEF,Newcastle,32,0.05263157894736842
4.5,0,0,0,0,0,0.0,0.0,MID,Newcastle,0,0.05263157894736842
4.9,0,0,0,0,1,1.0,0.2041,MID,Newcastle,20,0.05263157894736842
6.9,0,0,0,0,0,0.0,0.0,FWD,Newcastle,0,0.05263157894736842
4.0,0,0,0,0,0,0.0,0.0,DEF,Newcastle,0,0.05263157894736842
5.0,0,0,0,0,0,0.0,0.0,FWD,Newcastle,0,0.05263157894736842
4.4,0,0,0,0,0,0.0,0.0,DEF,Nott'm Forest,0,0.05263157894736842
4.4,2,0,0,0,10,5.0,2.273,DEF,Nott'm Forest,143,0.05263157894736842
5.0,1,0,0,0,4,2.0,0.8,MID,Nott'm Forest,92,0.05263157894736842
5.9,0,0,0,0,2,1.0,0.339,FWD,Nott'm Forest,33,0.05263157894736842
4.5,1,0,0,0,3,1.5,0.6667,DEF,Nott'm Forest,91,0.05263157894736842
4.5,0,0,0,0,0,0.0,0.0,MID,Nott'm Forest,0,0.05263157894736842
4.4,0,0,0,0,0,0.0,0.0,GK,Nott'm Forest,0,0.05263157894736842
4.5,0,0,0,0,0,0.0,0.0,MID,Nott'm Forest,0,0.05263157894736842
4.9,1,0,0,0,1,1.0,0.2041,MID,Nott'm Forest,14,0.05263157894736842
5.0,0,0,0,0,0,0.0,0.0,FWD,Nott'm Forest,0,0.05263157894736842
4.9,0,0,0,0,1,0.5,0.2041,MID,Nott'm Forest,51,0.05263157894736842
5.4,2,0,0,0,4,2.0,0.7407,MID,Nott'm Forest,143,0.05263157894736842
6.5,2,1,0,1,12,6.0,1.846,MID,Nott'm Forest,180,0.05263157894736842
5.5,2,0,0,0,6,3.0,1.091,MID,Nott'm Forest,161,0.05263157894736842
4.5,0,0,0,0,0,0.0,0.0,MID,Nott'm Forest,0,0.05263157894736842
4.5,2,0,0,0,9,4.5,2.0,DEF,Nott'm Forest,180,0.05263157894736842
4.5,2,0,0,0,7,3.5,1.556,DEF,Nott'm Forest,180,0.05263157894736842
4.5,0,0,0,0,0,0.0,0.0,DEF,Nott'm Forest,0,0.05263157894736842
5.0,0,0,0,0,0,0.0,0.0,MID,Nott'm Forest,0,0.05263157894736842
4.4,0,0,0,0,0,0.0,0.0,DEF,Nott'm Forest,0,0.05263157894736842
4.0,0,0,0,0,0,0.0,0.0,DEF,Nott'm Forest,0,0.05263157894736842
4.5,2,0,0,0,4,2.0,0.8889,MID,Nott'm Forest,155,0.05263157894736842
4.5,2,0,0,0,9,4.5,2.0,GK,Nott'm Forest,180,0.05263157894736842
4.5,0,0,0,0,1,1.0,0.2222,DEF,Nott'm Forest,36,0.05263157894736842
4.5,0,0,0,0,0,0.0,0.0,FWD,Nott'm Forest,0,0.05263157894736842
6.1,2,1,0,1,10,5.0,1.639,FWD,Nott'm Forest,145,0.05263157894736842
4.5,0,0,0,0,0,0.0,0.0,DEF,Nott'm Forest,0,0.05263157894736842
5.0,0,0,1,1,8,4.0,1.6,MID,Nott'm Forest,99,0.05263157894736842
6.4,0,0,0,0,1,1.0,0.1562,MID,Nott'm Forest,16,0.05263157894736842
4.5,1,0,0,0,6,6.0,1.333,DEF,Nott'm Forest,90,0.05263157894736842
6.0,0,0,0,0,1,1.0,0.1667,MID,Nott'm Forest,1,0.05263157894736842
5.5,0,0,0,0,0,0.0,0.0,MID,Nott'm Forest,0,0.05263157894736842
4.4,0,0,0,0,0,0.0,0.0,GK,Southampton,0,-0.07017543859649122
5.0,0,0,0,0,2,1.0,0.4,FWD,Southampton,37,-0.07017543859649122
4.5,0,0,0,0,0,0.0,0.0,MID,Southampton,0,-0.07017543859649122
4.9,0,0,0,0,0,0.0,0.0,MID,Southampton,0,-0.07017543859649122
4.9,0,0,0,0,1,1.0,0.2041,MID,Southampton,9,-0.07017543859649122
4.5,0,0,0,0,1,1.0,0.2222,MID,Southampton,9,-0.07017543859649122
5.0,2,0,0,0,4,2.0,0.8,MID,Southampton,144,-0.07017543859649122
5.5,2,0,0,0,3,1.5,0.5455,FWD,Southampton,160,-0.07017543859649122
4.5,0,0,0,0,0,0.0,0.0,GK,Southampton,0,-0.07017543859649122
4.0,2,0,0,0,3,1.5,0.75,DEF,Southampton,170,-0.07017543859649122
4.0,0,0,0,0,0,0.0,0.0,DEF,Southampton,0,-0.07017543859649122
4.0,0,0,0,0,0,0.0,0.0,DEF,Southampton,0,-0.07017543859649122
4.5,0,0,0,0,0,0.0,0.0,MID,Southampton,0,-0.07017543859649122
4.9,0,0,0,0,1,0.5,0.2041,MID,Southampton,64,-0.07017543859649122
4.0,0,0,0,0,0,0.0,0.0,DEF,Southampton,0,-0.07017543859649122
4.0,2,0,0,0,3,1.5,0.75,DEF,Southampton,165,-0.07017543859649122
5.0,0,0,0,0,0,0.0,0.0,MID,Southampton,0,-0.07017543859649122
5.0,0,0,0,0,0,0.0,0.0,MID,Southampton,0,-0.07017543859649122
4.0,0,0,0,0,0,0.0,0.0,DEF,Southampton,0,-0.07017543859649122
4.0,0,0,0,0,0,0.0,0.0,GK,Southampton,0,-0.07017543859649122
4.0,0,0,0,0,0,0.0,0.0,GK,Southampton,0,-0.07017543859649122
4.4,0,0,0,0,0,0.0,0.0,DEF,Southampton,0,-0.07017543859649122
5.0,0,0,0,0,0,0.0,0.0,FWD,Southampton,0,-0.07017543859649122
4.5,2,0,0,0,6,3.0,1.333,GK,Southampton,180,-0.07017543859649122
5.0,0,0,0,0,0,0.0,0.0,FWD,Southampton,0,-0.07017543859649122
5.0,2,0,0,0,4,2.0,0.8,MID,Southampton,173,-0.07017543859649122
4.0,2,0,0,0,3,1.5,0.75,DEF,Southampton,180,-0.07017543859649122
4.5,0,0,0,0,0,0.0,0.0,FWD,Southampton,0,-0.07017543859649122
4.5,2,0,0,0,3,1.5,0.6667,DEF,Southampton,116,-0.07017543859649122
4.0,0,0,0,0,1,1.0,0.25,DEF,Southampton,14,-0.07017543859649122
4.5,2,0,0,0,4,2.0,0.8889,DEF,Southampton,170,-0.07017543859649122
4.0,0,0,0,0,0,0.0,0.0,DEF,Southampton,0,-0.07017543859649122
4.9,0,0,0,0,0,0.0,0.0,MID,Southampton,0,-0.07017543859649122
5.0,2,0,0,0,3,1.5,0.6,MID,Southampton,180,-0.07017543859649122
5.5,2,0,0,0,3,1.5,0.5455,MID,Southampton,160,-0.07017543859649122
4.5,0,0,0,0,2,1.0,0.4444,MID,Southampton,26,-0.07017543859649122
5.0,0,0,0,0,1,1.0,0.2,MID,Southampton,14,-0.07017543859649122
7.5,1,0,0,0,2,2.0,0.2667,FWD,Spurs,90,0.06140350877192982
4.0,0,0,0,0,0,0.0,0.0,DEF,Spurs,0,0.06140350877192982
4.0,0,0,0,0,0,0.0,0.0,GK,Spurs,0,0.06140350877192982
5.0,1,0,0,0,1,1.0,0.2,MID,Spurs,77,0.06140350877192982
4.5,0,0,0,0,2,1.0,0.4444,MID,Spurs,23,0.06140350877192982
5.0,1,1,0,1,9,9.0,1.8,MID,Spurs,71,0.06140350877192982
5.0,0,0,0,0,0,0.0,0.0,MID,Spurs,0,0.06140350877192982
4.5,0,0,0,0,0,0.0,0.0,DEF,Spurs,0,0.06140350877192982
4.5,0,0,0,0,0,0.0,0.0,MID,Spurs,0,0.06140350877192982
4.4,0,0,0,0,0,0.0,0.0,DEF,Spurs,0,0.06140350877192982
4.5,0,0,0,0,0,0.0,0.0,DEF,Spurs,0,0.06140350877192982
4.5,0,0,0,0,0,0.0,0.0,GK,Spurs,0,0.06140350877192982
4.9,0,0,0,0,2,1.0,0.4082,MID,Spurs,30,0.06140350877192982
5.0,0,0,0,0,0,0.0,0.0,MID,Spurs,0,0.06140350877192982
6.4,2,0,0,0,5,2.5,0.7812,MID,Spurs,167,0.06140350877192982
6.4,1,0,1,1,7,3.5,1.094,MID,Spurs,77,0.06140350877192982
4.9,0,0,0,0,0,0.0,0.0,MID,Spurs,0,0.06140350877192982
7.5,2,0,2,2,11,5.5,1.467,MID,Spurs,156,0.06140350877192982
5.5,2,1,0,1,15,7.5,2.727,DEF,Spurs,180,0.06140350877192982
4.4,0,0,0,0,0,0.0,0.0,DEF,Spurs,0,0.06140350877192982
7.0,0,0,0,0,2,1.0,0.2857,FWD,Spurs,25,0.06140350877192982
5.1,2,1,0,1,16,8.0,3.137,DEF,Spurs,180,0.06140350877192982
4.9,1,0,0,0,3,1.5,0.6122,MID,Spurs,100,0.06140350877192982
4.5,0,0,0,0,0,0.0,0.0,FWD,Spurs,0,0.06140350877192982
5.4,0,0,0,0,0,0.0,0.0,MID,Spurs,0,0.06140350877192982
10.0,2,2,0,2,18,9.0,1.8,MID,Spurs,180,0.06140350877192982
4.5,0,0,0,0,2,1.0,0.4444,DEF,Spurs,18,0.06140350877192982
5.0,2,0,0,0,8,4.0,1.6,DEF,Spurs,162,0.06140350877192982
4.5,2,0,1,1,11,5.5,2.444,DEF,Spurs,180,0.06140350877192982
5.0,0,0,0,0,0,0.0,0.0,FWD,Spurs,0,0.06140350877192982
5.0,2,0,0,0,8,4.0,1.6,GK,Spurs,180,0.06140350877192982
6.4,0,0,0,0,1,1.0,0.1562,MID,Spurs,12,0.06140350877192982
4.0,0,0,0,0,0,0.0,0.0,GK,Spurs,0,0.06140350877192982
4.5,0,0,0,0,0,0.0,0.0,FWD,Spurs,0,0.06140350877192982
4.5,0,0,0,0,0,0.0,0.0,MID,Spurs,0,0.06140350877192982
5.5,1,0,0,0,3,3.0,0.5455,MID,Spurs,65,0.06140350877192982
4.5,0,0,0,0,1,1.0,0.2222,DEF,West Ham,28,0.02631578947368421
5.0,0,0,0,0,1,1.0,0.2,MID,West Ham,12,0.02631578947368421
5.5,2,0,0,0,4,2.0,0.7273,FWD,West Ham,133,0.02631578947368421
4.5,2,0,0,0,7,3.5,1.556,GK,West Ham,180,0.02631578947368421
7.5,2,1,0,1,10,5.0,1.333,MID,West Ham,162,0.02631578947368421
4.5,2,0,0,0,7,3.5,1.556,DEF,West Ham,146,0.02631578947368421
4.0,0,0,0,0,1,1.0,0.25,DEF,West Ham,1,0.02631578947368421
4.5,0,0,0,0,0,0.0,0.0,MID,West Ham,0,0.02631578947368421
4.5,2,0,0,0,7,3.5,1.556,DEF,West Ham,178,0.02631578947368421
4.0,0,0,0,0,0,0.0,0.0,GK,West Ham,0,0.02631578947368421
4.5,0,0,0,0,0,0.0,0.0,GK,West Ham,0,0.02631578947368421
5.0,0,0,0,0,1,1.0,0.2,FWD,West Ham,5,0.02631578947368421
4.5,2,0,1,1,13,6.5,2.889,DEF,West Ham,180,0.02631578947368421
6.4,2,0,0,0,5,2.5,0.7812,MID,West Ham,177,0.02631578947368421
4.9,0,0,0,0,0,0.0,0.0,MID,West Ham,0,0.02631578947368421
6.0,2,1,0,1,9,4.5,1.5,MID,West Ham,163,0.02631578947368421
4.5,2,0,0,0,9,4.5,2.0,DEF,West Ham,180,0.02631578947368421
4.4,0,0,0,0,0,0.0,0.0,DEF,West Ham,0,0.02631578947368421
5.0,2,1,1,2,13,6.5,2.6,MID,West Ham,167,0.02631578947368421
4.4,0,0,0,0,0,0.0,0.0,DEF,West Ham,0,0.02631578947368421
4.9,0,0,0,0,0,0.0,0.0,MID,West Ham,0,0.02631578947368421
5.9,0,0,0,0,1,1.0,0.1695,MID,West Ham,17,0.02631578947368421
5.0,2,0,0,0,5,2.5,1.0,MID,West Ham,174,0.02631578947368421
6.9,0,0,0,0,2,1.0,0.2899,FWD,West Ham,44,0.02631578947368421
4.5,0,0,0,0,2,1.0,0.4444,DEF,West Ham,7,0.02631578947368421
4.4,0,0,0,0,0,0.0,0.0,GK,Wolves,0,-0.07894736842105263
4.5,2,0,1,1,3,1.5,0.6667,DEF,Wolves,150,-0.07894736842105263
5.0,0,0,0,0,0,0.0,0.0,MID,Wolves,0,-0.07894736842105263
5.0,2,0,0,0,3,1.5,0.6,MID,Wolves,123,-0.07894736842105263
4.0,0,0,0,0,0,0.0,0.0,GK,Wolves,0,-0.07894736842105263
4.5,0,0,0,0,1,1.0,0.2222,MID,Wolves,6,-0.07894736842105263
4.5,0,0,0,0,0,0.0,0.0,MID,Wolves,0,-0.07894736842105263
4.5,0,0,0,0,0,0.0,0.0,FWD,Wolves,0,-0.07894736842105263
4.5,0,0,0,0,0,0.0,0.0,MID,Wolves,0,-0.07894736842105263
6.5,1,1,0,1,7,3.5,1.077,FWD,Wolves,100,-0.07894736842105263
4.5,0,0,0,0,2,1.0,0.4444,DEF,Wolves,29,-0.07894736842105263
4.5,2,0,0,0,0,0.0,0.0,DEF,Wolves,180,-0.07894736842105263
4.9,0,0,0,0,1,1.0,0.2041,MID,Wolves,1,-0.07894736842105263
5.0,0,0,0,0,0,0.0,0.0,FWD,Wolves,0,-0.07894736842105263
4.5,0,0,0,0,0,0.0,0.0,FWD,Wolves,0,-0.07894736842105263
4.5,0,0,0,0,0,0.0,0.0,MID,Wolves,0,-0.07894736842105263
5.4,0,0,0,0,0,0.0,0.0,MID,Wolves,0,-0.07894736842105263
4.5,0,0,0,0,0,0.0,0.0,DEF,Wolves,0,-0.07894736842105263
6.4,2,0,0,0,3,1.5,0.4688,MID,Wolves,148,-0.07894736842105263
4.5,0,0,0,0,0,0.0,0.0,MID,Wolves,0,-0.07894736842105263
4.0,0,0,0,0,0,0.0,0.0,DEF,Wolves,0,-0.07894736842105263
5.0,2,0,0,0,3,1.5,0.6,MID,Wolves,173,-0.07894736842105263
4.5,2,0,0,0,1,0.5,0.2222,GK,Wolves,180,-0.07894736842105263
4.9,0,0,0,0,0,0.0,0.0,FWD,Wolves,0,-0.07894736842105263
4.0,0,0,0,0,0,0.0,0.0,GK,Wolves,0,-0.07894736842105263
5.0,2,0,0,0,4,2.0,0.8,MID,Wolves,179,-0.07894736842105263
4.0,2,0,0,0,-1,-0.5,-0.25,DEF,Wolves,180,-0.07894736842105263
4.5,0,0,0,0,0,0.0,0.0,DEF,Wolves,0,-0.07894736842105263
4.0,0,0,0,0,0,0.0,0.0,DEF,Wolves,0,-0.07894736842105263
5.5,0,0,0,0,2,1.0,0.3636,MID,Wolves,46,-0.07894736842105263
5.5,1,0,0,0,3,1.5,0.5455,MID,Wolves,96,-0.07894736842105263
4.5,0,0,0,0,0,0.0,0.0,DEF,Wolves,0,-0.07894736842105263
5.4,0,0,0,0,2,1.0,0.3704,MID,Wolves,28,-0.07894736842105263
5.5,2,1,0,1,8,4.0,1.455,FWD,Wolves,173,-0.07894736842105263
4.5,2,0,1,1,2,1.0,0.4444,DEF,Wolves,180,-0.07894736842105263
4.0,0,0,0,0,0,0.0,0.0,DEF,Wolves,0,-0.07894736842105263
